filename,status,mmse
011_S_0002_1mm_pve_1,CN,28
011_S_0003_1mm_pve_1,AD,20
011_S_0005_1mm_pve_1,CN,29
022_S_0007_1mm_pve_1,AD,20
011_S_0010_1mm_pve_1,AD,24
022_S_0014_1mm_pve_1,CN,29
100_S_0015_1mm_pve_1,CN,29
011_S_0016_1mm_pve_1,CN,28
100_S_0035_1mm_pve_1,CN,30
099_S_0040_1mm_pve_1,CN,29
018_S_0043_1mm_pve_1,CN,29
100_S_0047_1mm_pve_1,CN,30
011_S_0053_1mm_pve_1,AD,23
010_S_0067_1mm_pve_1,CN,27
007_S_0068_1mm_pve_1,CN,30
007_S_0070_1mm_pve_1,CN,27
067_S_0076_1mm_pve_1,AD,25
023_S_0081_1mm_pve_1,CN,30
023_S_0083_1mm_pve_1,AD,22
023_S_0084_1mm_pve_1,AD,24
136_S_0086_1mm_pve_1,CN,30
099_S_0090_1mm_pve_1,CN,29
023_S_0093_1mm_pve_1,AD,23
123_S_0094_1mm_pve_1,AD,21
020_S_0097_1mm_pve_1,CN,30
068_S_0109_1mm_pve_1,AD,25
067_S_0110_1mm_pve_1,AD,23
041_S_0125_1mm_pve_1,CN,29
022_S_0129_1mm_pve_1,AD,22
023_S_0139_1mm_pve_1,AD,25
032_S_0147_1mm_pve_1,AD,25
123_S_0162_1mm_pve_1,AD,24
067_S_0177_1mm_pve_1,CN,29
011_S_0183_1mm_pve_1,AD,21
136_S_0184_1mm_pve_1,CN,29
136_S_0194_1mm_pve_1,AD,24
005_S_0221_1mm_pve_1,AD,20
005_S_0223_1mm_pve_1,CN,30
114_S_0228_1mm_pve_1,AD,20
128_S_0245_1mm_pve_1,CN,27
041_S_0262_1mm_pve_1,CN,29
128_S_0266_1mm_pve_1,AD,26
137_S_0283_1mm_pve_1,CN,28
136_S_0299_1mm_pve_1,AD,26
136_S_0300_1mm_pve_1,AD,23
082_S_0304_1mm_pve_1,CN,29
128_S_0310_1mm_pve_1,AD,23
073_S_0312_1mm_pve_1,CN,30
131_S_0319_1mm_pve_1,CN,30
037_S_0327_1mm_pve_1,CN,29
035_S_0341_1mm_pve_1,AD,25
021_S_0343_1mm_pve_1,AD,22
116_S_0360_1mm_pve_1,CN,29
082_S_0363_1mm_pve_1,CN,29
137_S_0366_1mm_pve_1,AD,23
018_S_0369_1mm_pve_1,CN,30
116_S_0370_1mm_pve_1,AD,25
114_S_0374_1mm_pve_1,AD,26
073_S_0386_1mm_pve_1,CN,29
116_S_0392_1mm_pve_1,AD,20
032_S_0400_1mm_pve_1,AD,26
027_S_0403_1mm_pve_1,CN,30
126_S_0405_1mm_pve_1,CN,29
018_S_0425_1mm_pve_1,CN,29
136_S_0426_1mm_pve_1,AD,24
127_S_0431_1mm_pve_1,AD,24
133_S_0433_1mm_pve_1,CN,27
131_S_0436_1mm_pve_1,CN,29
137_S_0438_1mm_pve_1,AD,25
131_S_0457_1mm_pve_1,AD,25
099_S_0470_1mm_pve_1,AD,21
006_S_0484_1mm_pve_1,CN,29
116_S_0487_1mm_pve_1,AD,22
133_S_0488_1mm_pve_1,CN,30
094_S_0489_1mm_pve_1,CN,29
099_S_0492_1mm_pve_1,AD,26
133_S_0493_1mm_pve_1,CN,29
131_S_0497_1mm_pve_1,AD,23
128_S_0500_1mm_pve_1,CN,29
013_S_0502_1mm_pve_1,CN,29
126_S_0506_1mm_pve_1,CN,29
128_S_0517_1mm_pve_1,AD,20
133_S_0525_1mm_pve_1,CN,30
094_S_0526_1mm_pve_1,CN,26
128_S_0528_1mm_pve_1,AD,21
099_S_0534_1mm_pve_1,CN,28
062_S_0535_1mm_pve_1,AD,23
016_S_0538_1mm_pve_1,CN,29
022_S_0543_1mm_pve_1,AD,25
031_S_0554_1mm_pve_1,AD,20
014_S_0558_1mm_pve_1,CN,29
002_S_0559_1mm_pve_1,CN,30
013_S_0575_1mm_pve_1,CN,29
036_S_0576_1mm_pve_1,CN,28
036_S_0577_1mm_pve_1,AD,24
062_S_0578_1mm_pve_1,CN,30
013_S_0592_1mm_pve_1,AD,23
114_S_0601_1mm_pve_1,CN,30
126_S_0606_1mm_pve_1,AD,23
002_S_0619_1mm_pve_1,AD,22
127_S_0622_1mm_pve_1,CN,30
018_S_0633_1mm_pve_1,AD,20
082_S_0640_1mm_pve_1,CN,30
021_S_0642_1mm_pve_1,AD,25
057_S_0643_1mm_pve_1,CN,29
021_S_0647_1mm_pve_1,CN,30
006_S_0653_1mm_pve_1,AD,20
116_S_0657_1mm_pve_1,CN,29
036_S_0672_1mm_pve_1,CN,30
006_S_0681_1mm_pve_1,CN,30
018_S_0682_1mm_pve_1,AD,26
127_S_0684_1mm_pve_1,CN,29
137_S_0686_1mm_pve_1,CN,29
141_S_0726_1mm_pve_1,CN,28
033_S_0733_1mm_pve_1,AD,23
033_S_0739_1mm_pve_1,AD,26
128_S_0740_1mm_pve_1,AD,22
100_S_0747_1mm_pve_1,AD,25
127_S_0754_1mm_pve_1,AD,23
036_S_0759_1mm_pve_1,AD,22
036_S_0760_1mm_pve_1,AD,25
082_S_0761_1mm_pve_1,CN,30
062_S_0768_1mm_pve_1,CN,30
109_S_0777_1mm_pve_1,AD,22
057_S_0779_1mm_pve_1,CN,28
010_S_0786_1mm_pve_1,AD,26
141_S_0790_1mm_pve_1,AD,26
062_S_0793_1mm_pve_1,AD,26
137_S_0796_1mm_pve_1,AD,26
141_S_0810_1mm_pve_1,CN,29
067_S_0812_1mm_pve_1,AD,22
036_S_0813_1mm_pve_1,CN,29
067_S_0828_1mm_pve_1,AD,21
010_S_0829_1mm_pve_1,AD,24
029_S_0836_1mm_pve_1,AD,26
029_S_0843_1mm_pve_1,CN,28
029_S_0845_1mm_pve_1,CN,28
027_S_0850_1mm_pve_1,AD,22
141_S_0852_1mm_pve_1,AD,24
141_S_0853_1mm_pve_1,AD,26
009_S_0862_1mm_pve_1,CN,30
020_S_0883_1mm_pve_1,CN,29
033_S_0889_1mm_pve_1,AD,26
126_S_0891_1mm_pve_1,AD,22
041_S_0898_1mm_pve_1,CN,29
020_S_0899_1mm_pve_1,CN,30
023_S_0916_1mm_pve_1,AD,21
005_S_0929_1mm_pve_1,AD,27
003_S_0931_1mm_pve_1,CN,28
023_S_0963_1mm_pve_1,CN,30
109_S_0967_1mm_pve_1,CN,30
114_S_0979_1mm_pve_1,AD,21
013_S_0996_1mm_pve_1,AD,26
036_S_1001_1mm_pve_1,AD,22
041_S_1002_1mm_pve_1,CN,30
012_S_1009_1mm_pve_1,CN,28
109_S_1013_1mm_pve_1,CN,30
109_S_1014_1mm_pve_1,CN,30
002_S_1018_1mm_pve_1,AD,26
141_S_1024_1mm_pve_1,AD,23
032_S_1037_1mm_pve_1,AD,24
137_S_1041_1mm_pve_1,AD,22
133_S_1055_1mm_pve_1,AD,21
029_S_1056_1mm_pve_1,AD,23
100_S_1062_1mm_pve_1,AD,24
024_S_1063_1mm_pve_1,CN,29
082_S_1079_1mm_pve_1,AD,20
027_S_1082_1mm_pve_1,AD,22
033_S_1086_1mm_pve_1,CN,29
141_S_1094_1mm_pve_1,CN,30
032_S_1101_1mm_pve_1,AD,26
094_S_1102_1mm_pve_1,AD,26
021_S_1109_1mm_pve_1,AD,21
012_S_1133_1mm_pve_1,CN,30
141_S_1137_1mm_pve_1,AD,24
099_S_1144_1mm_pve_1,AD,21
141_S_1152_1mm_pve_1,AD,23
109_S_1157_1mm_pve_1,AD,21
013_S_1161_1mm_pve_1,AD,22
094_S_1164_1mm_pve_1,AD,21
133_S_1170_1mm_pve_1,AD,23
024_S_1171_1mm_pve_1,AD,24
068_S_1191_1mm_pve_1,CN,28
109_S_1192_1mm_pve_1,AD,20
941_S_1194_1mm_pve_1,CN,30
941_S_1197_1mm_pve_1,CN,30
013_S_1205_1mm_pve_1,AD,23
126_S_1221_1mm_pve_1,AD,21
094_S_1241_1mm_pve_1,CN,30
052_S_1251_1mm_pve_1,CN,28
067_S_1253_1mm_pve_1,AD,24
027_S_1254_1mm_pve_1,AD,21
003_S_1257_1mm_pve_1,AD,20
023_S_1262_1mm_pve_1,AD,21
016_S_1263_1mm_pve_1,AD,26
094_S_1267_1mm_pve_1,CN,30
033_S_1281_1mm_pve_1,AD,25
033_S_1285_1mm_pve_1,AD,26
023_S_1289_1mm_pve_1,AD,20
130_S_1290_1mm_pve_1,AD,25
051_S_1296_1mm_pve_1,AD,25
131_S_1301_1mm_pve_1,CN,30
024_S_1307_1mm_pve_1,AD,24
033_S_1308_1mm_pve_1,AD,23
130_S_1337_1mm_pve_1,AD,25
009_S_1354_1mm_pve_1,AD,20
041_S_1368_1mm_pve_1,AD,20
057_S_1373_1mm_pve_1,AD,21
082_S_1377_1mm_pve_1,AD,23
027_S_1385_1mm_pve_1,AD,26
094_S_1397_1mm_pve_1,AD,24
041_S_1435_1mm_pve_1,AD,21
035_S_0048_1mm_pve_1,CN,29
022_S_0066_1mm_pve_1,CN,30
027_S_0118_1mm_pve_1,CN,29
098_S_0149_1mm_pve_1,AD,20
128_S_0167_1mm_pve_1,AD,26
136_S_0196_1mm_pve_1,CN,29
128_S_0216_1mm_pve_1,AD,25
022_S_0219_1mm_pve_1,AD,22
007_S_0316_1mm_pve_1,AD,26
014_S_0328_1mm_pve_1,AD,24
014_S_0356_1mm_pve_1,AD,24
099_S_0372_1mm_pve_1,AD,23
057_S_0474_1mm_pve_1,AD,26
099_S_0533_1mm_pve_1,CN,30
073_S_0565_1mm_pve_1,AD,24
037_S_0627_1mm_pve_1,AD,23
116_S_0648_1mm_pve_1,CN,30
062_S_0690_1mm_pve_1,AD,25
141_S_0696_1mm_pve_1,AD,25
013_S_0699_1mm_pve_1,AD,18
094_S_0711_1mm_pve_1,CN,29
033_S_0724_1mm_pve_1,AD,21
062_S_0730_1mm_pve_1,AD,23
100_S_0743_1mm_pve_1,AD,22
126_S_0784_1mm_pve_1,AD,23
005_S_0814_1mm_pve_1,AD,21
002_S_0816_1mm_pve_1,AD,26
137_S_0841_1mm_pve_1,AD,26
127_S_0844_1mm_pve_1,AD,22
098_S_0884_1mm_pve_1,AD,26
130_S_0956_1mm_pve_1,AD,23
029_S_0999_1mm_pve_1,AD,25
003_S_1021_1mm_pve_1,CN,29
094_S_1027_1mm_pve_1,AD,25
013_S_1035_1mm_pve_1,CN,30
027_S_1081_1mm_pve_1,AD,23
094_S_1090_1mm_pve_1,AD,24
062_S_1099_1mm_pve_1,CN,29
100_S_1113_1mm_pve_1,AD,22
029_S_1184_1mm_pve_1,AD,21
130_S_1200_1mm_pve_1,CN,30
130_S_1201_1mm_pve_1,AD,26
031_S_1209_1mm_pve_1,AD,26
012_S_1212_1mm_pve_1,CN,27
007_S_1304_1mm_pve_1,AD,25
023_S_1306_1mm_pve_1,CN,29
005_S_1341_1mm_pve_1,AD,24
057_S_1371_1mm_pve_1,AD,26
057_S_1379_1mm_pve_1,AD,24
041_S_1391_1mm_pve_1,AD,26
094_S_1402_1mm_pve_1,AD,23
128_S_1430_1mm_pve_1,AD,21
011_S_0008_1mm_pve_1,CN,28
067_S_0019_1mm_pve_1,CN,29
011_S_0022_1mm_pve_1,CN,29
032_S_0095_1mm_pve_1,CN,26
027_S_0404_1mm_pve_1,AD,20
137_S_0459_1mm_pve_1,CN,30
033_S_0516_1mm_pve_1,CN,27
006_S_0547_1mm_pve_1,AD,26
057_S_0818_1mm_pve_1,CN,29
116_S_1083_1mm_pve_1,AD,22
094_S_0692_1mm_pve_1,CN,29
109_S_0876_1mm_pve_1,CN,30
013_S_1276_1mm_pve_1,CN,30
